"","player","shotCount","totalGoalsScored","xG","avgShotDist","openPlay","setPiece","penalty","fromCorner","directFK","rightFoot","leftFoot","head"
"1","Robert Lewandowski",4.69565217391304,25,1.02864268519308,12.9078911042407,3.69565217391304,0.0869565217391304,0.130434782608696,0.695652173913043,0.0869565217391304,2.52173913043478,0.826086956521739,1.26086956521739
"2","Timo Werner",4.1304347826087,21,0.804109619565956,15.6950222697946,3.73913043478261,0,0.130434782608696,0.260869565217391,0,3.26086956521739,0.565217391304348,0.304347826086957
"3","Jadon Sancho",2.25,14,0.411048957472667,17.582569906916,1.95,0.05,0,0.2,0.05,2,0.25,0
"4","Robin Quaison",2.95,12,0.466494079120457,17.8950031798769,2.5,0.2,0.05,0.15,0.05,2.1,0.25,0.55
"5","Florian Niederlechner",2.70833333333333,11,0.477588800014928,14.6811353479064,2.04166666666667,0.25,0.0416666666666667,0.333333333333333,0.0416666666666667,1.70833333333333,0.583333333333333,0.416666666666667
"6","Marco Reus",2.9375,11,0.569040384609252,15.5851362517485,2.3125,0.0625,0.0625,0.3125,0.1875,1.8125,0.8125,0.3125
"7","Rouwen Hennings",2.61904761904762,11,0.414153206428247,17.8550983297145,1.9047619047619,0.238095238095238,0.142857142857143,0.238095238095238,0.0952380952380952,0.666666666666667,1.71428571428571,0.238095238095238
"8","Sebastian Andersson",2.6,11,0.561247249599546,11.5946360471332,1.7,0.25,0.1,0.55,0,1.3,0.25,1.05
"9","Serge Gnabry",3.75,11,0.580909679085016,16.5839541738707,3.5,0.05,0,0.2,0,2.35,1.15,0.25
"10","Wout Weghorst",2.75,11,0.537484762588671,12.9119594258441,1.83333333333333,0.291666666666667,0.125,0.458333333333333,0.0416666666666667,1.33333333333333,0.375,1.04166666666667
"11","Jhon Córdoba",2.76470588235294,10,0.36053916647592,15.3031412636439,2.35294117647059,0.294117647058824,0,0.117647058823529,0,1.47058823529412,0.529411764705882,0.764705882352941
"12","Erling Haaland",2.375,9,0.70397639228031,13.3672292857167,2,0,0,0.375,0,0.375,1.875,0.125
"13","Kevin Volland",3.23809523809524,9,0.524061494551244,15.2048407806381,2.76190476190476,0.142857142857143,0,0.285714285714286,0.0476190476190476,0.857142857142857,1.71428571428571,0.666666666666667
"14","Alassane Pléa",2.95238095238095,8,0.525886549570021,16.8661286940713,2.28571428571429,0.285714285714286,0.0476190476190476,0.142857142857143,0.19047619047619,2.23809523809524,0.523809523809524,0.19047619047619
"15","Marcel Sabitzer",2.36,8,0.232622689418495,21.0956447039043,1.96,0.04,0,0.08,0.28,1.72,0.48,0.16
"16","Nils Petersen",2.3,8,0.36857953784056,12.0989963993292,1.8,0.15,0.05,0.3,0,0.8,0.6,0.85
"17","Philippe Coutinho",3.41176470588235,8,0.53346785694799,19.2980475866578,3,0.0588235294117647,0.0588235294117647,0.176470588235294,0.117647058823529,2.76470588235294,0.529411764705882,0.117647058823529
"18","Andrej Kramaric",2.83333333333333,7,0.596433992730454,14.4617323988929,1.66666666666667,0.416666666666667,0.0833333333333333,0.5,0.166666666666667,1.66666666666667,0.583333333333333,0.583333333333333
"19","Breel Embolo",2,7,0.459913576371037,13.0054778714036,1.625,0.0625,0.0625,0.25,0,1.0625,0.5,0.375
"20","Gonçalo Paciência",3.1875,7,0.462479817622807,13.6923723782654,2.0625,0.25,0.0625,0.75,0.0625,1,0.8125,1.3125
"21","Marius Bülter",1.94117647058824,7,0.185694331686725,18.8674849824396,1.52941176470588,0.176470588235294,0,0.235294117647059,0,1.29411764705882,0.647058823529412,0
"22","Milot Rashica",3.10526315789474,7,0.259959693213827,23.709984087611,2.52631578947368,0.210526315789474,0.105263157894737,0.105263157894737,0.157894736842105,2.36842105263158,0.578947368421053,0.157894736842105
"23","Patrik Schick",2.75,7,0.457392171490937,10.8397585188635,1.41666666666667,0.416666666666667,0,0.916666666666667,0,0.25,1,1.41666666666667
"24","Philipp Max",1.5,7,0.15389926216772,24.8236210104182,0.722222222222222,0,0.0555555555555556,0.166666666666667,0.555555555555556,0,1.5,0
"25","Suat Serdar",2.2,7,0.204989662207663,20.4860370788017,1.86666666666667,0.133333333333333,0,0.2,0,1.66666666666667,0.266666666666667,0.266666666666667
"26","Amine Harit",1.8125,6,0.192026313627139,19.9350354066866,1.375,0.25,0.0625,0.125,0,1.625,0.125,0.0625
"27","Kai Havertz",2.11764705882353,6,0.306121160796679,16.7029903539006,1.94117647058824,0,0,0.176470588235294,0,0.352941176470588,1.47058823529412,0.294117647058824
"28","Lars Stindl",2.16666666666667,6,0.763719379281004,13.6031591391543,1.66666666666667,0.166666666666667,0.166666666666667,0.166666666666667,0,1.33333333333333,0.5,0.333333333333333
"29","Lucas Alario",2.46666666666667,6,0.41350947568814,14.4968285959434,1.46666666666667,0.133333333333333,0.0666666666666667,0.8,0,1.4,0.133333333333333,0.933333333333333
"30","Marcus Thuram",2.42105263157895,6,0.444154767613662,14.5183894989976,2.21052631578947,0.105263157894737,0,0.105263157894737,0,1.31578947368421,0.578947368421053,0.526315789473684
"31","Martin Hinteregger",2.69230769230769,6,0.324518423061818,16.4455238976758,1.07692307692308,0.153846153846154,0,1.38461538461538,0.0769230769230769,0.230769230769231,1.38461538461538,1.07692307692308
"32","Thomas Müller",1.9,6,0.337413011584431,13.1273436286776,1.6,0.05,0,0.25,0,1.2,0.5,0.2
"33","Bas Dost",1.9,5,0.453477748855949,9.58098400659949,1.6,0,0,0.3,0,0.7,0.2,1
"34","Dodi Lukebakio",1.9375,5,0.289119853056036,18.4122272320099,1.5625,0.1875,0,0.0625,0.125,0.25,1.4375,0.25
"35","Emil Forsberg",1.81818181818182,5,0.262734056704424,18.3389282891018,1.27272727272727,0,0.181818181818182,0.181818181818182,0.181818181818182,1.36363636363636,0.363636363636364,0.0909090909090909
"36","Erik Thommy",2.11764705882353,5,0.180766406140345,23.0523037711411,1.82352941176471,0.117647058823529,0,0.0588235294117647,0.117647058823529,1.70588235294118,0.352941176470588,0.0588235294117647
"37","Gian-Luca Waldschmidt",2.30769230769231,5,0.310158741588776,17.8814477330005,1.61538461538462,0.0769230769230769,0.230769230769231,0.307692307692308,0.0769230769230769,0.615384615384615,1.38461538461538,0.307692307692308
"38","Leon Bailey",2.09090909090909,5,0.343944448046386,16.5594077703544,1.72727272727273,0,0,0.272727272727273,0.0909090909090909,0.454545454545455,1.36363636363636,0.272727272727273
"39","Paco Alcácer",2,5,0.526993509032764,11.8290633771307,1.75,0.125,0,0.125,0,1.125,0.5,0.375
"40","Patrick Herrmann",2.15384615384615,5,0.39492274978413,14.128167295954,1.92307692307692,0.153846153846154,0,0,0.0769230769230769,1.46153846153846,0.307692307692308,0.384615384615385
"41","Raphael Guerreiro",1.92857142857143,5,0.229918142248477,21.7608241461531,1.42857142857143,0,0,0.214285714285714,0.285714285714286,0.285714285714286,1.64285714285714,0
"42","Sargis Adamyan",1.61538461538462,5,0.442892683956485,11.9133363777895,1.38461538461538,0,0,0.230769230769231,0,0.846153846153846,0.384615384615385,0.384615384615385
"43","Sebastiaan Bornauw",1.5,5,0.310880243312567,8.33607827557458,0,0.5,0,1,0,0.4,0,1.1
"44","Streli Mamba",1.5,5,0.290462723201407,17.7744795812493,1.5,0,0,0,0,1.14285714285714,0.357142857142857,0
"45","Thorgan Hazard",2,5,0.21667663866861,18.5580595265994,1.94444444444444,0,0,0.0555555555555556,0,1.61111111111111,0.333333333333333,0.0555555555555556
"46","André Silva",3.11111111111111,4,0.606327471219831,11.9451212434852,2.77777777777778,0,0,0.333333333333333,0,1.33333333333333,0.444444444444444,1.33333333333333
"47","Axel Witsel",1.8,4,0.16108327601105,18.9326041080048,1.13333333333333,0.333333333333333,0,0.333333333333333,0,1.4,0.266666666666667,0.133333333333333
"48","Benito Raman",2.21428571428571,4,0.291395839170686,17.9326089021609,2.07142857142857,0.0714285714285714,0,0.0714285714285714,0,1.35714285714286,0.785714285714286,0.0714285714285714
"49","Christoph Baumgartner",2.64285714285714,4,0.381230035131531,14.7953990057463,2.21428571428571,0.0714285714285714,0,0.357142857142857,0,1.78571428571429,0.142857142857143,0.714285714285714
"50","Christopher Nkunku",2.05263157894737,4,0.305867118123723,17.3356782383921,1.84210526315789,0,0,0.105263157894737,0.105263157894737,1.68421052631579,0.210526315789474,0.157894736842105
"51","Davy Klaassen",1.875,4,0.361671121965628,17.3518293810957,1.4375,0,0.1875,0.25,0,1.5625,0.25,0.0625
"52","Dennis Srbeny",2.125,4,0.231419977266341,14.4447277672339,2,0.125,0,0,0,0.875,0.75,0.5
"53","Filip Kostic",3.15,4,0.217326046153903,23.82665360317,2.55,0.15,0,0.15,0.3,0.25,2.85,0.05
"54","Ivan Perisic",2.83333333333333,4,0.307555745433395,14.2487754620572,2.33333333333333,0,0,0.5,0,1,1,0.833333333333333
"55","Jonas Hector",1.86666666666667,4,0.118842922709882,17.6931822527523,1.06666666666667,0.0666666666666667,0,0.6,0.133333333333333,0.266666666666667,1.2,0.4
"56","Jonathan Schmid",1.88888888888889,4,0.139777157921344,23.4341329994151,1.11111111111111,0.0555555555555556,0,0.166666666666667,0.555555555555556,1.61111111111111,0.277777777777778,0
"57","Jürgen Locadia",2,4,0.332743343524635,14.9267629175148,1.4,0.1,0.1,0.4,0,1.3,0.2,0.5
"58","Karim Bellarabi",3.46666666666667,4,0.44252645286421,18.0957655670546,2.93333333333333,0.0666666666666667,0,0.466666666666667,0,2.93333333333333,0.533333333333333,0
"59","Karim Onisiwo",2.06666666666667,4,0.260187109621863,15.2809903396962,1.66666666666667,0.0666666666666667,0,0.333333333333333,0,1.13333333333333,0.333333333333333,0.6
"60","Kenan Karaman",1.875,4,0.300548801664263,17.3061819187475,1.75,0.125,0,0,0,1,0.75,0.125
"61","Levin Öztunali",1.875,4,0.135794533009175,23.0274315584171,1.375,0.25,0,0.25,0,0.6875,1.125,0.0625
"62","Lucas Höler",2.33333333333333,4,0.354774410277605,15.0147376464351,1.66666666666667,0.2,0.0666666666666667,0.4,0,1.33333333333333,0.533333333333333,0.466666666666667
"63","Marco Richter",2.83333333333333,4,0.228539038708226,23.6537585367577,2.33333333333333,0.111111111111111,0,0.166666666666667,0.222222222222222,1.61111111111111,1.16666666666667,0.0555555555555556
"64","Marcus Ingvartsen",2.29411764705882,4,0.206097670995137,17.7807939666565,2.05882352941176,0.0588235294117647,0.0588235294117647,0.117647058823529,0,0.294117647058824,1.47058823529412,0.470588235294118
"65","Mark Uth",2.76923076923077,4,0.325957625316313,15.5414029287216,1.92307692307692,0.0769230769230769,0,0.461538461538462,0.307692307692308,0.461538461538462,1.53846153846154,0.769230769230769
"66","Moussa Diaby",2,4,0.272806450325464,18.5657698562227,1.92857142857143,0,0,0.0714285714285714,0,0.285714285714286,1.71428571428571,0
"67","Ramy Bensebaini",2.16666666666667,4,0.454185135662556,12.9944499108349,1.16666666666667,0.666666666666667,0.166666666666667,0.166666666666667,0,0.166666666666667,1.16666666666667,0.833333333333333
"68","Renato Steffen",2.11111111111111,4,0.335935192700062,17.4669912414107,1.77777777777778,0.111111111111111,0,0.222222222222222,0,0.333333333333333,1.44444444444444,0.333333333333333
"69","Ruben Vargas",2.1,4,0.275564874801785,17.3889500847311,1.9,0,0,0.2,0,1.5,0.25,0.35
"70","Timothy Chandler",2.14285714285714,4,0.158039380397115,16.436552098009,1.71428571428571,0.142857142857143,0,0.285714285714286,0,0.714285714285714,0.285714285714286,1.14285714285714
"71","Yuya Osako",2.41666666666667,4,0.2770414063707,16.221527690176,1.75,0.416666666666667,0,0.25,0,1.33333333333333,0.583333333333333,0.5
"72","Abdelhamid Sabiri",2.53846153846154,3,0.187616704103465,21.3971582287452,1.30769230769231,0.230769230769231,0.0769230769230769,0.307692307692308,0.615384615384615,1.76923076923077,0.230769230769231,0.538461538461538
"73","Achraf Hakimi",1.52941176470588,3,0.21114428182516,15.9174535090498,1.41176470588235,0,0,0.0588235294117647,0.0588235294117647,1.29411764705882,0.176470588235294,0.0588235294117647
"74","Ahmed Kutucu",1.83333333333333,3,0.1865022109511,20.0521280865396,1.66666666666667,0,0,0.166666666666667,0,1.16666666666667,0.5,0.166666666666667
"75","Alfred Finnbogason",1.5,3,0.492192449669043,13.0562824076277,0.833333333333333,0.166666666666667,0.0833333333333333,0.416666666666667,0,0.916666666666667,0.25,0.333333333333333
"76","Ben Zolinski",1.55555555555556,3,0.280100929033425,14.9836348859882,1.11111111111111,0.111111111111111,0,0.333333333333333,0,0.888888888888889,0.444444444444444,0.222222222222222
"77","Benjamin Pavard",1.1,3,0.0562313325703144,16.1111226205424,0.5,0.2,0,0.4,0,0.6,0.2,0.3
"78","Dedryck Boyata",1.66666666666667,3,0.183797976209058,8.78507853375706,0,0.111111111111111,0,1.55555555555556,0,0.222222222222222,0,1.44444444444444
"79","Florian Neuhaus",2,3,0.232483465806581,19.770887848176,1.4375,0.125,0,0.375,0.0625,1.1875,0.75,0.0625
"80","Ihlas Bebou",1.84615384615385,3,0.181351206551951,17.4587253948398,1.76923076923077,0.0769230769230769,0,0,0,1.38461538461538,0.153846153846154,0.307692307692308
"81","Javairo Dilrosun",1.7,3,0.157525881752372,20.2879903544556,1.4,0,0,0.1,0.2,0.1,1.6,0
"82","Jean-Paul Boëtius",2,3,0.220040265757304,19.0646468746401,1.46153846153846,0.0769230769230769,0,0.461538461538462,0,1.46153846153846,0.384615384615385,0.153846153846154
"83","Joshua Sargent",2.11111111111111,3,0.249983151132862,15.3208623955748,1.88888888888889,0,0,0.222222222222222,0,1.11111111111111,0.555555555555556,0.444444444444444
"84","Joshua Zirkzee",2.25,3,0.600723436102271,10.9767913765173,1.75,0.25,0,0.25,0,2,0.25,0
"85","Josip Brekalo",1.5625,3,0.133853477193043,20.7440599519188,1.4375,0,0,0.0625,0.0625,1.25,0.25,0.0625
"86","Julian Brandt",1.78571428571429,3,0.228870519037758,17.5837981080332,1.42857142857143,0.0714285714285714,0,0.285714285714286,0,0.928571428571429,0.642857142857143,0.214285714285714
"87","Leon Goretzka",2.7,3,0.45081711281091,15.8282735678643,2,0.1,0,0.6,0,1.7,0.2,0.8
"88","Marcel Halstenberg",1.64285714285714,3,0.133670253413064,19.8607711061446,0.857142857142857,0.0714285714285714,0,0.357142857142857,0.357142857142857,0.142857142857143,1.28571428571429,0.214285714285714
"89","Mario Götze",1.6,3,0.434324640780687,12.5411143108112,1,0,0.2,0.4,0,1.4,0,0.2
"90","Marko Grujic",2.07692307692308,3,0.278899428004829,16.7498003273365,1.46153846153846,0.230769230769231,0,0.384615384615385,0,1.23076923076923,0.230769230769231,0.615384615384615
"91","Maximilian Arnold",2.31578947368421,3,0.0929827474449811,25.3244762421076,1.84210526315789,0.157894736842105,0,0.105263157894737,0.210526315789474,0.315789473684211,2,0
"92","Nordi Mukiele",1.38461538461538,3,0.135480908318781,17.7759905403191,1,0.0769230769230769,0,0.307692307692308,0,0.923076923076923,0.153846153846154,0.307692307692308
"93","Ozan Kabak",1.28571428571429,3,0.236055101933224,9.08374785639997,0.142857142857143,0.285714285714286,0,0.857142857142857,0,0.142857142857143,0.285714285714286,0.714285714285714
"94","Paulinho",2.66666666666667,3,0.598192883034547,18.978265588259,2.66666666666667,0,0,0,0,2.66666666666667,0,0
"95","Robert Skov",1.80952380952381,3,0.093723621884627,24.8238460551038,0.952380952380952,0.0952380952380952,0,0.0952380952380952,0.666666666666667,0.142857142857143,1.66666666666667,0
"96","Simon Terodde",2.69230769230769,3,0.468526871731648,10.1149589271642,1.92307692307692,0.384615384615385,0,0.384615384615385,0,1.07692307692308,0.615384615384615,0.923076923076923
"97","Sven Michel",2.07142857142857,3,0.288043777957292,17.6698966335842,1.57142857142857,0.142857142857143,0,0.357142857142857,0,0.142857142857143,1.5,0.428571428571429
"98","Thiago Alcántara",1.63636363636364,3,0.234804099510339,17.7660059534204,1.27272727272727,0,0,0.363636363636364,0,1.36363636363636,0.272727272727273,0
"99","Vedad Ibisevic",1.4,3,0.261517549492419,12.2091721876411,1.3,0.1,0,0,0,1,0.2,0.2
"100","Vladimir Darida",2.21428571428571,3,0.181810298868056,19.5090194795138,1.92857142857143,0.142857142857143,0,0.142857142857143,0,1.35714285714286,0.785714285714286,0.0714285714285714
"101","Yussuf Poulsen",1.84615384615385,3,0.375136411462266,12.8534558801068,1.46153846153846,0,0,0.384615384615385,0,1.07692307692308,0.230769230769231,0.538461538461538
"102","Admir Mehmedi",1.88888888888889,2,0.131042931228876,21.8999486489969,1.44444444444444,0.222222222222222,0,0.222222222222222,0,1.22222222222222,0.333333333333333,0.333333333333333
"103","Anthony Ujah",1.55555555555556,2,0.162629822165602,18.2800635313621,1.55555555555556,0,0,0,0,1,0.333333333333333,0.222222222222222
"104","Cauly Oliveira Souza",1.55555555555556,2,0.156130350298352,19.6551848925113,1.44444444444444,0,0,0,0.111111111111111,1.11111111111111,0.333333333333333,0.111111111111111
"105","Christian Günter",1.61111111111111,2,0.0622432634958791,24.4427701849043,1.38888888888889,0.0555555555555556,0,0.0555555555555556,0.111111111111111,0.222222222222222,1.38888888888889,0
"106","Daniel Brosinski",1.5,2,0.169947960413992,25.5965688507865,0.916666666666667,0,0.0833333333333333,0.25,0.25,1.33333333333333,0.166666666666667,0
"107","Daniel Ginczek",1.33333333333333,2,0.154489337777098,17.2345373459342,1.33333333333333,0,0,0,0,1,0.166666666666667,0.166666666666667
"108","Denis Zakaria",1.91666666666667,2,0.214185763383284,20.6265224184188,1.66666666666667,0.0833333333333333,0,0.0833333333333333,0.0833333333333333,1.83333333333333,0,0.0833333333333333
"109","Dominick Drexler",1.5,2,0.136569846514612,21.6022008347172,1.2,0.1,0,0.2,0,1.2,0,0.3
"110","Ermin Bicakcic",1.5,2,0.0789918266236782,7.82625171467002,0,0,0,1.5,0,0,0,1
"111","Florian Kainz",2.5,2,0.201997348417838,23.9106407079939,1.83333333333333,0,0,0.0833333333333333,0.583333333333333,2.25,0.25,0
"112","Ismail Jakobs",1.375,2,0.207317890366539,19.3898476530589,1,0.125,0,0.25,0,0.125,1.125,0.125
"113","Janik Haberer",1.33333333333333,2,0.0631301495143109,21.2363516437009,0.888888888888889,0.111111111111111,0,0.333333333333333,0,0.666666666666667,0.444444444444444,0.222222222222222
"114","Jean-Philippe Mateta",2.125,2,0.291483057197184,12.6967807638173,1.875,0.125,0,0.125,0,1,0.375,0.75
"115","Jeremiah St. Juste",1.6,2,0.0691939260810614,20.3962944981065,0.4,0.2,0,1,0,0.6,0.2,0.8
"116","Jonas Hofmann",1.66666666666667,2,0.312683168022583,17.9488235311322,1.5,0,0,0,0.166666666666667,1.5,0.166666666666667,0
"117","Kaan Ayhan",1.53333333333333,2,0.136721170817812,17.1492187357124,0.2,0.4,0,0.4,0.533333333333333,0.8,0,0.733333333333333
"118","Kai Pröger",2.8,2,0.162244124462207,21.7841275324901,2.46666666666667,0,0,0.2,0.133333333333333,1.66666666666667,1.13333333333333,0
"119","Kingsley Coman",1.91666666666667,2,0.282591253751889,15.2316030668213,1.75,0,0,0.166666666666667,0,1.25,0.5,0.166666666666667
"120","Klaus Gjasula",1.1,2,0.173478850070387,12.1917534188994,0.3,0.4,0.1,0.3,0,0.3,0.3,0.5
"121","Konrad Laimer",1.16666666666667,2,0.101460005467137,23.4101526871946,1.16666666666667,0,0,0,0,0.666666666666667,0.5,0
"122","Kwon Chang-Hoon",1.71428571428571,2,0.256953058631292,17.5171277095572,1.57142857142857,0,0,0.142857142857143,0,0.142857142857143,1.42857142857143,0.142857142857143
"123","Lars Bender",2,2,0.111252115241119,13.7740082451863,0.571428571428571,0.285714285714286,0,1.14285714285714,0,0.428571428571429,0.428571428571429,1.14285714285714
"124","Leonardo Bittencourt",1.83333333333333,2,0.107598044547356,18.6572911321852,1.61111111111111,0,0,0.222222222222222,0,0.555555555555556,0.777777777777778,0.5
"125","Lukas Klostermann",1,2,0.300900657661259,11.8891738977932,0.2,0.2,0,0.6,0,0.4,0.6,0
"126","Matheus Cunha",3.09090909090909,2,0.306714485992085,17.0293514761677,2.63636363636364,0.181818181818182,0,0.272727272727273,0,2,0.363636363636364,0.727272727272727
"127","Niclas Füllkrug",3.5,2,0.212859598454088,13.1898020547587,2,0.25,0,1.25,0,1,0.25,2.25
"128","Oscar Wendt",1.5,2,0.188395420399805,17.2056636439458,1,0.333333333333333,0,0.166666666666667,0,0.666666666666667,0.833333333333333,0
"129","Pavel Kaderábek",1.71428571428571,2,0.205232029381607,13.0975864099654,1.14285714285714,0.214285714285714,0,0.357142857142857,0,0.785714285714286,0.142857142857143,0.785714285714286
"130","Pierre Kunde",2.06666666666667,2,0.0964615507672231,23.8035992922299,1.26666666666667,0.2,0,0.4,0.2,1.4,0.333333333333333,0.333333333333333
"131","Salif Sané",1.4,2,0.14381503649056,10.320353024958,0,0.2,0,1.2,0,0,0,1.4
"132","Sebastian Polter",1.125,2,0.237937013851479,14.2418097455909,0.75,0,0.25,0.125,0,0.625,0.125,0.375
"133","Sebastian Rode",1.8,2,0.169529974274337,18.0937723273144,0.8,0,0,1,0,1.4,0.4,0
"134","Sebastian Schonlau",1.1,2,0.105843637045473,12.1627681740357,0.2,0.4,0,0.5,0,0.3,0,0.7
"135","Vincenzo Grifo",2.21428571428571,2,0.171307417830186,23.0340176880674,1.42857142857143,0,0.0714285714285714,0.142857142857143,0.571428571428571,2,0.142857142857143,0.0714285714285714
"136","Yannick Gerhardt",1.33333333333333,2,0.320902836509049,15.6369398801341,1,0,0,0.333333333333333,0,0.166666666666667,0.833333333333333,0.333333333333333
"137","Ádám Szalai",1.84615384615385,1,0.284949240203087,11.6585715700502,1.15384615384615,0.307692307692308,0,0.384615384615385,0,0.923076923076923,0.307692307692308,0.615384615384615
"138","Alfredo Morales",2.57142857142857,1,0.11210323125124,19.4498763668647,2,0,0,0.571428571428571,0,1,0.571428571428571,1
"139","Almamy Touré",2.2,1,0.330644848197698,11.0011842925461,0.6,0.4,0,1.2,0,1,0,1.2
"140","Alphonso Davies",1.11111111111111,1,0.157141926905347,21.6404070223389,0.888888888888889,0,0,0.222222222222222,0,0,1.11111111111111,0
"141","André Hahn",1.85714285714286,1,0.274240444813456,15.3114380635924,1.42857142857143,0.285714285714286,0.142857142857143,0,0,0.714285714285714,0.285714285714286,0.857142857142857
"142","Andre Hoffmann",1,1,0.0805150371872716,12.7811762550717,0.444444444444444,0,0,0.555555555555556,0,0.111111111111111,0.222222222222222,0.666666666666667
"143","Angelino",1,1,0.182452641427517,13.7573503011705,1,0,0,0,0,0.666666666666667,0.333333333333333,0
"144","Anthony Modeste",1.72727272727273,1,0.207291918891397,13.5419452679323,1.36363636363636,0.0909090909090909,0,0.272727272727273,0,0.636363636363636,0.272727272727273,0.818181818181818
"145","Benjamin Hübner",1.58333333333333,1,0.106582898413762,14.0941196804969,0.333333333333333,0.25,0,1,0,0.0833333333333333,0.25,1.25
"146","Charles Aránguiz",1.57142857142857,1,0.12192573930536,17.0120561985464,0.857142857142857,0.142857142857143,0,0.571428571428571,0,1,0.285714285714286,0.285714285714286
"147","Christian Gentner",1.75,1,0.137264677323401,17.3291945807071,1.25,0.125,0,0.375,0,0.875,0.4375,0.4375
"148","Christopher Antwi-Adjei",2.2,1,0.170627188620468,18.4565605812495,2.06666666666667,0,0,0.133333333333333,0,1.66666666666667,0.466666666666667,0.0666666666666667
"149","Corentin Tolisso",1.66666666666667,1,0.138660236986147,17.2734381776811,1,0.222222222222222,0,0.444444444444444,0,1.44444444444444,0.111111111111111,0.111111111111111
"150","Dan-Axel Zagadou",1,1,0.0495124063454569,18.7703014523538,0.5,0,0,0.5,0,0,0.75,0
"151","Daniel Baier",1.4,1,0.0348487515933812,25.6902749947882,1.1,0.1,0,0.2,0,1.4,0,0
"152","Daniel Caligiuri",1.8125,1,0.0858834160608239,23.3903657220023,1.3125,0,0,0.0625,0.4375,1.1875,0.625,0
"153","Danny da Costa",1.55555555555556,1,0.148599212989211,19.4484962472895,1.55555555555556,0,0,0,0,1.11111111111111,0.444444444444444,0
"154","David Abraham",1.2,1,0.126840794831514,11.0108665789844,0.4,0.2,0,0.6,0,0.6,0.4,0.2
"155","David Alaba",1.45454545454545,1,0.0675740096379411,26.1317069944731,0.363636363636364,0.181818181818182,0,0.363636363636364,0.545454545454545,0.0909090909090909,1.27272727272727,0.0909090909090909
"156","Davie Selke",1.92307692307692,1,0.222781634101501,13.4451474270675,1.84615384615385,0,0,0.0769230769230769,0,1,0.461538461538462,0.461538461538462
"157","Djibril Sow",1.46153846153846,1,0.125716872871495,20.4908576846287,1.15384615384615,0.0769230769230769,0,0.230769230769231,0,1.23076923076923,0.153846153846154,0.0769230769230769
"158","Eduard Löwen",1.125,1,0.070388602791354,26.4599967235746,0.75,0,0,0,0.375,0.875,0.125,0.125
"159","Ellyes Skhiri",1.53846153846154,1,0.130535023501859,19.5530666332422,1.15384615384615,0.0769230769230769,0,0.307692307692308,0,1.23076923076923,0.153846153846154,0.153846153846154
"160","Emre Can",1.2,1,0.0512473886832595,22.6793740933309,1.2,0,0,0,0,1,0.2,0
"161","Fredrik Jensen",1.2,1,0.108936277404427,22.4226284099551,1,0.2,0,0,0,1.2,0,0
"162","Gerrit Holtmann",1.2,1,0.0774800546467304,23.152589415996,1.2,0,0,0,0,0,1.2,0
"163","Iago",1,1,0.361743960529566,9.19494299225212,0.5,0,0,0.5,0,0,1,0
"164","Jamilu Collins",1.33333333333333,1,0.155257863070195,24.4836800727228,0.666666666666667,0,0.0833333333333333,0.5,0.0833333333333333,0.166666666666667,1.08333333333333,0.0833333333333333
"165","Jérôme Roussillon",1.5,1,0.0844059912487865,23.1778674422459,1.16666666666667,0.0833333333333333,0,0.25,0,0.25,1.25,0
"166","Joao Victor",2.08333333333333,1,0.330443159211427,16.3774321244626,1.91666666666667,0.166666666666667,0,0,0,1.08333333333333,0.583333333333333,0.416666666666667
"167","Johannes Eggestein",2.33333333333333,1,0.100324337681135,20.4184639171999,2,0.166666666666667,0,0.166666666666667,0,1.5,0.5,0.333333333333333
"168","Jonjoe Kenny",1.5,1,0.244905370753258,17.0891479638729,1.5,0,0,0,0,1.25,0,0.25
"169","Jordan Torunarigha",1,1,0.309592984616757,8.6413849322762,0.5,0,0,0.5,0,0.5,0,0.5
"170","Jorge Meré",1,1,0.468311961740255,14.2386475592093,0,0.5,0,0.5,0,0.5,0.5,0
"171","Joshua Kimmich",1.36363636363636,1,0.0576223709027876,21.9100685186118,0.818181818181818,0.0909090909090909,0,0.454545454545455,0,0.818181818181818,0.454545454545455,0.0909090909090909
"172","Julian Baumgartlinger",1.44444444444444,1,0.165812169408633,13.7029209011148,0.333333333333333,0.111111111111111,0,1,0,0.444444444444444,0.111111111111111,0.888888888888889
"173","Julian Weigl",1.5,1,0.0388694264305135,24.6262951622346,1.16666666666667,0,0,0.333333333333333,0,1.16666666666667,0.166666666666667,0.166666666666667
"174","Karim Rekik",1.25,1,0.131186620332301,12.1831577070271,0.5,0.75,0,0,0,0.25,0.25,0.75
"175","Kasim Nuhu",1.2,1,0.27632992900908,7.87990701374085,0,0.4,0,0.8,0,0,0,1.2
"176","Kevin Kampl",1,1,0.087268128991127,16.7148033074396,1,0,0,0,0,1,0,0
"177","Kevin Mbabu",1.5,1,0.260904284659773,10.3181752670264,0.25,0.5,0,0.75,0,0.25,0.25,0.75
"178","Kingsley Ehizibue",1.1,1,0.107725344970822,21.3180440467929,0.8,0.1,0,0.2,0,0.8,0.1,0.2
"179","Konstantinos Stafylidis",2,1,0.0353237967938185,28.166378104237,1,0,0,1,0,0,2,0
"180","Krzysztof Piatek",3.6,1,0.656467958167195,15.3771595884933,2.8,0.4,0.2,0.2,0,2.4,0.2,1
"181","Louis Schaub",1.8,1,0.138305630162358,17.8061651520355,1.8,0,0,0,0,0.4,1,0.4
"182","Lucas Ribeiro",1,1,0.62293267250061,3.34329018705415,0,0,0,1,0,0,0,1
"183","Lukasz Piszczek",1.16666666666667,1,0.0496541329969962,21.1654284213626,0.833333333333333,0,0,0.333333333333333,0,0.5,0.333333333333333,0.333333333333333
"184","Marcel Tisserand",1.33333333333333,1,0.141996711492539,13.4294213742056,0.166666666666667,0,0,1.16666666666667,0,0.666666666666667,0,0.666666666666667
"185","Marcelo Saracchi",2,1,0.177211414091289,22.0122717993988,1.5,0,0,0.5,0,0,2,0
"186","Marco Friedl",1,1,0.104520239068993,21.2490827690989,0.857142857142857,0,0,0.142857142857143,0,0.428571428571429,0.428571428571429,0.142857142857143
"187","Marius Wolf",1.27272727272727,1,0.0944791630926457,16.9400252138234,0.727272727272727,0.0909090909090909,0,0.454545454545455,0,0.818181818181818,0.181818181818182,0.272727272727273
"188","Marvin Friedrich",1.75,1,0.114404267631471,14.7324420347616,0.333333333333333,0.666666666666667,0,0.75,0,0.666666666666667,0.25,0.833333333333333
"189","Mats Hummels",1.63636363636364,1,0.106678095984865,10.0740405850249,0.0909090909090909,0.0909090909090909,0,1.45454545454545,0,0.0909090909090909,0,1.36363636363636
"190","Matthias Ginter",1.44444444444444,1,0.207119491779142,13.6223743526612,0.444444444444444,0.333333333333333,0,0.666666666666667,0,0.444444444444444,0.111111111111111,0.777777777777778
"191","Matthias Zimmermann",1.15384615384615,1,0.0299274949356913,23.7433626461427,1,0.153846153846154,0,0,0,1,0.153846153846154,0
"192","Maximilian Mittelstädt",1.21428571428571,1,0.0384275959804654,22.7117258265826,1,0,0,0.214285714285714,0,0.0714285714285714,1.07142857142857,0.0714285714285714
"193","Michael Gregoritsch",2.22222222222222,1,0.330635040791498,13.5697147826566,1.33333333333333,0.111111111111111,0,0.555555555555556,0.222222222222222,0.111111111111111,1,1.11111111111111
"194","Michael Parensen",1,1,0.30327733233571,14.0414961755415,0.333333333333333,0.333333333333333,0,0.333333333333333,0,0.333333333333333,0.333333333333333,0.333333333333333
"195","Nadiem Amiri",1.94444444444444,1,0.110717383808353,22.4863954110015,1.77777777777778,0,0,0.111111111111111,0.0555555555555556,1.61111111111111,0.333333333333333,0
"196","Neven Subotic",1.625,1,0.130601534736343,12.6005211072875,0.125,0.625,0,0.875,0,0.625,0.25,0.75
"197","Nico Elvedi",1,1,0.0840772701693433,10.4775204952458,0,0.285714285714286,0,0.714285714285714,0,0.142857142857143,0.142857142857143,0.714285714285714
"198","Nico Schulz",1.5,1,0.092412741854787,19.6159048406102,1.5,0,0,0,0,0.25,1.25,0
"199","Nicolas Höfler",1.5,1,0.17422894754314,18.2793679560843,1,0.142857142857143,0,0.357142857142857,0,0.5,0.714285714285714,0.285714285714286
"200","Niklas Stark",1,1,0.0860524204160487,13.0208234428344,0.142857142857143,0.428571428571429,0,0.428571428571429,0,0.142857142857143,0,0.857142857142857
"201","Niko Gießelmann",2,1,0.0720320724261304,22.0864955293033,1.16666666666667,0.166666666666667,0,0.333333333333333,0.333333333333333,0.5,1.33333333333333,0.166666666666667
"202","Rabbi Matondo",2.16666666666667,1,0.17168282965819,19.7116437249004,1.5,0,0,0.666666666666667,0,1.66666666666667,0.5,0
"203","Rafael Czichos",1.22222222222222,1,0.195568294574817,11.0766198659107,0.222222222222222,0.222222222222222,0,0.777777777777778,0,0.222222222222222,0.222222222222222,0.777777777777778
"204","Robin Knoche",1,1,0.0726871425285936,11.0514404407595,0,0.25,0,0.75,0,0.25,0,0.75
"205","Robin Koch",1.78571428571429,1,0.231772811817271,12.9127963204477,0.642857142857143,0.428571428571429,0,0.714285714285714,0,0.571428571428571,0,1.21428571428571
"206","Roland Sallai",1.88888888888889,1,0.188968608776728,16.6358920470457,1.44444444444444,0.111111111111111,0,0.333333333333333,0,0.777777777777778,0.555555555555556,0.444444444444444
"207","Salomon Kalou",1.66666666666667,1,0.36538315191865,9.00252448762404,1.66666666666667,0,0,0,0,1,0,0.666666666666667
"208","Sebastian Rudy",1.63636363636364,1,0.0501061571253972,26.0307717196367,1.36363636363636,0.0909090909090909,0,0.181818181818182,0,1.36363636363636,0.181818181818182,0.0909090909090909
"209","Sebastian Vasiliadis",1.6875,1,0.0674957279115916,21.0520454426019,1.4375,0.125,0,0.125,0,1.4375,0.1875,0.0625
"210","Sergio Córdova",2,1,0.499532178044319,13.0957343229812,2,0,0,0,0,1,1,0
"211","Stefan Lainer",1.18181818181818,1,0.174416831779209,15.3258320438278,0.454545454545455,0.363636363636364,0,0.363636363636364,0,0.454545454545455,0.363636363636364,0.363636363636364
"212","Theodor Gebre Selassie",1.33333333333333,1,0.129325214152535,10.3833732444691,0.666666666666667,0,0,0.666666666666667,0,0.333333333333333,0,1
"213","Tin Jedvaj",1,1,0.0394749680999666,14.6235645582581,0.25,0.125,0,0.625,0,0.25,0.125,0.625
"214","Weston McKennie",1.9,1,0.159241047687829,15.8643862762668,1.3,0.3,0,0.3,0,1.1,0.4,0.4
"215","Willi Orban",1.75,1,0.182846093201079,14.9037705337405,0.5,0.25,0,0.75,0.25,0.5,0.25,1
"216","William",2,1,0.173263928025133,21.343354593151,1.44444444444444,0.111111111111111,0,0.333333333333333,0.111111111111111,1.22222222222222,0.333333333333333,0.444444444444444
"217","Xaver Schlager",1.90909090909091,1,0.0781411310996522,20.7398117026755,1.27272727272727,0.0909090909090909,0,0.545454545454545,0,0.818181818181818,1,0.0909090909090909
"218","Aarón Martín",1.28571428571429,0,0.0420639612046735,23.0751447374551,0.857142857142857,0,0,0.285714285714286,0.142857142857143,0,1.14285714285714,0.142857142857143
"219","Adam Bodzek",1.33333333333333,0,0.105152985081077,19.1445985057174,1,0.166666666666667,0,0.166666666666667,0,1,0.166666666666667,0.166666666666667
"220","Ademola Lookman",1,0,0.0382807748392225,21.2663785389976,1,0,0,0,0,0.5,0.5,0
"221","Akaki Gogia",1,0,0.0184137299656868,24.0635524678358,0,1,0,0,0,1,0,0
"222","Aleksandar Dragovic",2,0,0.814708776772022,7.12263439001487,1,1,0,0,0,0,1,1
"223","Alessandro Schöpf",1.66666666666667,0,0.185392267381152,18.5494506494512,1.16666666666667,0.166666666666667,0,0.333333333333333,0,1,0.5,0.166666666666667
"224","Alexander Hack",1.4,0,0.126705356873572,17.2896967701516,0.6,0,0,0.8,0,0,0.8,0.6
"225","Alexandru Maxim",1,0,0.0350001696497202,22.499832089122,1,0,0,0,0,1,0,0
"226","Amadou Haidara",2,0,0.0761096520083291,22.6946817745066,1.85714285714286,0,0,0.142857142857143,0,1.28571428571429,0.571428571428571,0.142857142857143
"227","Amir Abrashi",1.33333333333333,0,0.165847649176916,22.6847647913218,1.33333333333333,0,0,0,0,1,0.333333333333333,0
"228","Ante Rebic",2,0,0.122888527810574,21.9796072995068,1,0,0,0,1,2,0,0
"229","Arne Maier",1,0,0.0234109302982688,26.1468760360617,1,0,0,0,0,1,0,0
"230","Babacar Gueye",2,0,0.636104643344879,9.53976169256665,0,1,0,1,0,2,0,0
"231","Bastian Oczipka",1,0,0.0295759444124996,25.2728717075622,0.875,0,0,0.125,0,0.375,0.625,0
"232","Benjamin Goller",1,0,0.0629742369055748,17.7711320542217,1,0,0,0,0,1,0,0
"233","Benno Schmitz",1,0,0.0462541421875357,24.5471170632539,1,0,0,0,0,1,0,0
"234","Bernard Tekpetey",2,0,0.0715508949942887,22.2852453572236,1.66666666666667,0.166666666666667,0,0.166666666666667,0,1.33333333333333,0.5,0.166666666666667
"235","Birger Verstraete",1.75,0,0.0764842419885099,23.7666974824919,0.75,0,0,0.25,0.75,1.5,0.25,0
"236","Bote Baku",1.3,0,0.0449104618281126,24.6335302749083,1,0,0,0.3,0,1,0.3,0
"237","Brandon Borrello",1.75,0,0.076702632708475,17.6791558381101,1.25,0.5,0,0,0,1.25,0.25,0.25
"238","Christian Groß",1.5,0,0.105123868212104,16.2614620917795,0,0,0,1.5,0,0,1.5,0
"239","Christian Strohdiek",1.2,0,0.0526246024295687,15.9434562746362,0.2,0.2,0,0.8,0,0.6,0,0.6
"240","Christoph Kramer",1.33333333333333,0,0.0452487970081468,21.7740789521301,0.666666666666667,0.166666666666667,0,0.5,0,0.833333333333333,0.333333333333333,0.166666666666667
"241","Christopher Lenz",1.07692307692308,0,0.0459905924418798,25.3814902635728,0.923076923076923,0,0,0.0769230769230769,0.0769230769230769,0.230769230769231,0.769230769230769,0.0769230769230769
"242","Christopher Trimmel",1,0,0.0131913251243532,24.156438083847,1,0,0,0,0,1,0,0
"243","Claudio Pizarro",1.33333333333333,0,0.144514994074901,11.1054876451962,0.666666666666667,0,0,0.666666666666667,0,0,0,1.33333333333333
"244","Daichi Kamada",2.14285714285714,0,0.233211576140353,17.8323103311551,1.85714285714286,0.0714285714285714,0,0.142857142857143,0.0714285714285714,1.35714285714286,0.571428571428571,0.214285714285714
"245","Daishawn Redan",1,0,0.128218322992325,7.2723465951507,1,0,0,0,0,1,0,0
"246","Dani Olmo",1.66666666666667,0,0.257548476258914,15.1788821813731,1,0,0,0.666666666666667,0,0.666666666666667,0.666666666666667,0.333333333333333
"247","Danny Latza",1.625,0,0.127048595109954,18.2679277061929,1.25,0,0,0.375,0,1.125,0.25,0.25
"248","Dawid Kownacki",2,0,0.210332502969182,16.8120251621381,1.53846153846154,0.153846153846154,0,0.307692307692308,0,0.923076923076923,0.307692307692308,0.692307692307692
"249","Dayotchanculle Upamecano",1.44444444444444,0,0.190722542297509,12.2602382466808,0.111111111111111,0.333333333333333,0,1,0,0.666666666666667,0,0.777777777777778
"250","Dennis Geiger",1.5,0,0.127783718518913,20.2222240927857,1.33333333333333,0,0,0,0.166666666666667,0.833333333333333,0.666666666666667,0
"251","Dennis Jastrzembski",1,0,0.294586807489395,18.2214624798288,1,0,0,0,0,0,1,0
"252","Diadie Samassékou",1,0,0.0216310387477279,23.3945699586309,0.5,0.5,0,0,0,0.5,0.5,0
"253","Diego Demme",1,0,0.183647477533668,21.1276147538418,0.5,0.25,0,0.25,0,1,0,0
"254","Dominik Kohr",2.22222222222222,0,0.129280975864579,20.5615982430623,1.44444444444444,0.111111111111111,0,0.666666666666667,0,1.33333333333333,0.444444444444444,0.444444444444444
"255","Dominique Heintz",1,0,0.0429869038052857,19.0736647801707,0.5,0.25,0,0.25,0,0.25,0.75,0
"256","Edimilson Fernandes",1.58333333333333,0,0.0416939141384015,26.1736989017141,1.33333333333333,0.0833333333333333,0,0.166666666666667,0,1.41666666666667,0.166666666666667,0
"257","Edmond Tapsoba",1,0,0.0728454971686003,19.9155614771943,0.5,0,0,0.5,0,0.5,0,0.5
"258","Elvis Rexhbecaj",2.33333333333333,0,0.226852772757411,19.4101299904602,2.33333333333333,0,0,0,0,1,0.666666666666667,0.666666666666667
"259","Erik Durm",2,0,0.0767598153491105,19.973863546553,1.57142857142857,0.142857142857143,0,0.285714285714286,0,0.571428571428571,1.28571428571429,0.142857142857143
"260","Ethan Ampadu",1,0,0.0554355829954147,7.94980293731792,0,0,0,1,0,0,0,1
"261","Evan Ndicka",1.75,0,0.100014741998166,15.5204148226583,0.5,0.75,0,0.5,0,0.25,0.75,0.75
"262","Exequiel Palacios",2.5,0,0.118327837437392,16.969852055446,1.5,0,0,1,0,1.5,1,0
"263","Fabian Reese",1.5,0,0.0620187558233739,24.1088620948548,1.5,0,0,0,0,1.5,0,0
"264","Felix Klaus",2,0,0.314823274267837,16.0970015553963,1.625,0.25,0,0.125,0,1.625,0.375,0
"265","Felix Kroos",1,0,0.0308732204139232,23.8105090895041,1,0,0,0,0,1,0,0
"266","Felix Uduokhai",2,0,0.0745463808998466,17.5213099775986,0.5,0,0,1.5,0,0.5,0.5,1
"267","Fin Bartels",3,0,0.123025830835104,17.7922788743409,3,0,0,0,0,1,1,1
"268","Florian Grillitsch",1.875,0,0.0835451805032791,22.1195831349045,1.125,0.125,0,0.625,0,1.5,0,0.375
"269","Florian Hübner",1,0,0.246035613119602,7.15801221399407,0,0.333333333333333,0,0.666666666666667,0,0.333333333333333,0,0.666666666666667
"270","Giovanni Reyna",1.5,0,0.0767520945519209,20.549416185614,1.5,0,0,0,0,1,0.5,0
"271","Grischa Prömel",1.5,0,0.0892399270087481,17.2285349328989,0.5,0.5,0,0.5,0,1,0.5,0
"272","Guido Burgstaller",2.53846153846154,0,0.302530095554315,15.1047412759427,1.92307692307692,0.0769230769230769,0,0.538461538461538,0,0.923076923076923,0.923076923076923,0.692307692307692
"273","Håvard Nordtveit",1,0,0.221825990825891,10.3647959107026,0,0.5,0,0.5,0,0.5,0,0.5
"274","Ibrahima Konaté",1,0,0.0505329594016075,7.43851610778289,0,0,0,1,0,0,0,1
"275","Ibrahima Traoré",1,0,0.129127562046051,20.9535778962522,0,0,0,0,1,0,1,0
"276","Ishak Belfodil",3,0,0.29437507626911,13.1795307348085,2,0.333333333333333,0,0.666666666666667,0,1.33333333333333,0.333333333333333,1
"277","Jacob Bruun Larsen",1.5,0,0.105072973296046,11.2559741563289,1.5,0,0,0,0,0.5,0.5,0.5
"278","Jan Morávek",1,0,0.021511685103178,26.5220245629939,1,0,0,0,0,1,0,0
"279","Jan Thielmann",1.5,0,0.0604687230661512,22.1685544111864,1.25,0.25,0,0,0,1.5,0,0
"280","Javi Martínez",1,0,0.131208688020706,5.71050683448281,0,1,0,0,0,0,0,1
"281","Jean Zimmer",1.5,0,0.0750831877812743,23.5521947067448,1,0.166666666666667,0,0.333333333333333,0,1.33333333333333,0.166666666666667,0
"282","Jean-Clair Todibo",1.5,0,0.0640063174068927,8.63440022285838,0,0.5,0,1,0,0,0,1.5
"283","Jeffrey Bruma",1.66666666666667,0,0.176985716654195,11.9111285611208,0.111111111111111,0.333333333333333,0,1.11111111111111,0.111111111111111,0.555555555555556,0,1.11111111111111
"284","Jérôme Boateng",1,0,0.0535667818039655,22.4571300554935,0.333333333333333,0.333333333333333,0,0.333333333333333,0,0.333333333333333,0.666666666666667,0
"285","Jérôme Gondorf",1,0,0.0197886023670435,26.985067146546,0.5,0.5,0,0,0,0.5,0.5,0
"286","John Brooks",1.125,0,0.0881147627951577,10.2128204515974,0,0.25,0,0.875,0,0.125,0.125,0.875
"287","Jonathan Burkardt",1,0,0.133891528472304,13.3084821681041,0.75,0,0,0.25,0,0.25,0.5,0.25
"288","Jonathan Tah",1,0,0.0583771018621822,15.2331606705735,0.166666666666667,0.166666666666667,0,0.666666666666667,0,0.166666666666667,0.166666666666667,0.666666666666667
"289","Joshua Mees",1.25,0,0.0649465182796122,21.5237970939952,1.25,0,0,0,0,0.5,0.75,0
"290","Josuha Guilavogui",1.69230769230769,0,0.0745073283234468,16.9409190541293,0.692307692307692,0.307692307692308,0,0.692307692307692,0,0.846153846153846,0.230769230769231,0.615384615384615
"291","Juan Miranda",3,0,0.119564635679126,24.1640342839699,3,0,0,0,0,1,2,0
"292","Julian Ryerson",1,0,0.581449508666992,4.9354652498023,1,0,0,0,0,1,0,0
"293","Julian Schieber",1,0,0.0605187378823757,16.1546998720384,1,0,0,0,0,0,1,0
"294","Ken Reichel",1,0,0.0527559742331505,17.3122237146982,0,1,0,0,0,0,1,0
"295","Kerem Demirbay",2.09090909090909,0,0.121802064166828,22.4543355959229,1.72727272727273,0,0,0.181818181818182,0.181818181818182,0.272727272727273,1.81818181818182,0
"296","Keven Schlotterbeck",1.42857142857143,0,0.0989091598561831,16.9594157531104,0.571428571428571,0.571428571428571,0,0.285714285714286,0,0.428571428571429,0.285714285714286,0.714285714285714
"297","Kevin Akpoguma",1,0,0.0426298235543072,19.6589620743759,0,0.5,0,0.5,0,0.5,0,0.5
"298","Kevin Möhwald",3,0,0.0610246313735843,26.1420718988416,2,1,0,0,0,3,0,0
"299","Kevin Stöger",1.83333333333333,0,0.055835599390169,23.2738475225868,1.83333333333333,0,0,0,0,0.166666666666667,1.5,0.166666666666667
"300","Kevin Vogt",1,0,0.295001178979874,8.79527285228346,0,1,0,0,0,0,0,1
"301","Kingsley Schindler",1.71428571428571,0,0.122948481967407,22.920551949302,1.42857142857143,0.142857142857143,0,0.142857142857143,0,0.714285714285714,1,0
"302","László Bénes",2.33333333333333,0,0.117619981989265,24.2715014790615,1.55555555555556,0.111111111111111,0,0.111111111111111,0.555555555555556,0,2.11111111111111,0.222222222222222
"303","Laurent Jans",1.2,0,0.0178381185978651,26.7696077010312,1,0,0,0.2,0,0.4,0.8,0
"304","Leandro Barreiro Martins",1.2,0,0.0558652531355619,18.7090327395961,1.2,0,0,0,0,0.6,0.4,0.2
"305","Lewis Baker",2,0,0.0829505987154941,27.6243477029561,1.16666666666667,0,0,0.5,0.333333333333333,0.833333333333333,1.16666666666667,0
"306","Lino Tempelmann",1,0,0.0220334082841873,27.0363641611818,1,0,0,0,0,0,1,0
"307","Luca Kilian",1,0,0.0355118848383427,14.5474898021309,0,0,0,1,0,0,0,1
"308","Lucas Hernández",1,0,0.0092491377145052,32.6199661725209,0,0,0,1,0,0,1,0
"309","Lucas Torró",2,0,0.0219355789013207,12.1787050874671,0,1,0,1,0,0,0,2
"310","Ludwig Augustinsson",1,0,0.0350234108045697,20.960681990533,0,0.5,0,0,0.5,0,0.5,0.5
"311","Lukas Klünter",1,0,0.0235460326075554,25.9762283109095,1,0,0,0,0,0,1,0
"312","Lukas Kübler",1,0,0.0581963174045086,19.5391872218631,1,0,0,0,0,1,0,0
"313","Lukas Nmecha",1,0,0.13066886117061,17.3666527358212,1,0,0,0,0,1,0,0
"314","Lukas Rupp",1.66666666666667,0,0.0602924029032389,14.6568408468728,1.33333333333333,0,0,0.333333333333333,0,0.333333333333333,0.666666666666667,0.666666666666667
"315","Mahmoud Dahoud",1.6,0,0.164413309469819,18.8731413631532,1.4,0,0,0.2,0,1.4,0.2,0
"316","Manuel Akanji",1.2,0,0.137820892035961,17.5529247407219,0.4,0.4,0,0.4,0,0.4,0,0.8
"317","Manuel Gulde",1.5,0,0.122003144118935,13.1919411696341,0.25,0.375,0,0.875,0,0.5,0.5,0.5
"318","Marcel Risse",1,0,0.0480298586189747,29.7281494633796,0,0,0,0,1,1,0,0
"319","Marcel Sobottka",1,0,0.0244019031524658,26.7030271459083,1,0,0,0,0,1,0,0
"320","Marco Höger",1,0,0.0789258033037186,11.9500645850866,0,1,0,0,0,0,1,0
"321","Markus Suttner",2,0,0.0680982287973166,23.8482399854421,1,0,0,0.8,0.2,0.2,1.8,0
"322","Marlon Ritter",2.5,0,0.121272566728294,24.0369162951266,2,0,0,0,0.5,1.5,1,0
"323","Marvin Plattenhardt",1,0,0.0909262206405402,24.1936678429395,0.333333333333333,0,0,0,0.666666666666667,0,1,0
"324","Matija Nastasic",1.375,0,0.14116885792464,10.6801403334987,0.125,0.5,0,0.75,0,0.25,0.125,1
"325","Maximilian Eggestein",2.25,0,0.111530061636586,21.2619998516402,1.9375,0,0,0.3125,0,0.9375,1.25,0.0625
"326","Michaël Cuisance",1,0,0.0266985893249512,24.5003132451708,1,0,0,0,0,0,1,0
"327","Michael Lang",1.66666666666667,0,0.0843652325371901,15.7589646126688,0.666666666666667,0.666666666666667,0,0.333333333333333,0,1,0.333333333333333,0.333333333333333
"328","Mijat Gacinovic",2,0,0.167332211742178,20.1762958961263,1.375,0,0,0.375,0.25,1.375,0.5,0.125
"329","Mike Frantz",1.33333333333333,0,0.129172177364429,13.569127289346,0.666666666666667,0,0,0.666666666666667,0,0.666666666666667,0.666666666666667,0
"330","Milos Veljkovic",1,0,0.120778610308965,10.8771782313405,0,0,0,1,0,0,0,1
"331","Mitchell Weiser",1,0,0.121874513570219,21.3642503645621,1,0,0,0,0,1,0,0
"332","Mohamed Dräger",1.33333333333333,0,0.0302395539668699,23.6186309313052,0.833333333333333,0.166666666666667,0,0.333333333333333,0,0.833333333333333,0.333333333333333,0.166666666666667
"333","Moussa Niakhate",1.11111111111111,0,0.0990722134916319,12.1744142249352,0.111111111111111,0.555555555555556,0,0.444444444444444,0,0.111111111111111,0.222222222222222,0.666666666666667
"334","Munas Dabbur",1.5,0,0.22261321824044,13.1248565445593,1.25,0,0,0.25,0,1,0,0.5
"335","Nana Ampomah",1.66666666666667,0,0.065988529059622,20.6681716242409,1.33333333333333,0,0,0.333333333333333,0,1,0.555555555555556,0.111111111111111
"336","Nassim Boujellab",1,0,0.0800590291619301,12.8220092990758,1,0,0,0,0,1,0,0
"337","Nick Woltemade",1,0,0.0234666857868433,26.0354087704617,1,0,0,0,0,1,0,0
"338","Nico Schlotterbeck",1.5,0,0.101257968693971,15.8890348873869,0,1,0,0.5,0,0,1.5,0
"339","Niklas Moisander",1.5,0,0.0740905009830992,15.8532584491944,0.166666666666667,0.5,0,0.833333333333333,0,0,0.833333333333333,0.666666666666667
"340","Niklas Süle",2,0,0.193645633136233,14.1271686351488,0.333333333333333,0.333333333333333,0,1.33333333333333,0,0.666666666666667,0,1.33333333333333
"341","Noah Katterbach",1,0,0.0337985424945752,23.53144364331,1,0,0,0,0,1,0,0
"342","Nuri Sahin",1.2,0,0.0427114351652562,25.6906815489775,0.8,0,0,0.1,0.3,0,1.2,0
"343","Oliver Fink",1.33333333333333,0,0.0764971782142917,15.0324556709046,1,0,0,0.333333333333333,0,0.5,0.5,0.333333333333333
"344","Omar Mascarell",1.11111111111111,0,0.0423961745368111,24.6778744239318,0.777777777777778,0,0,0.333333333333333,0,0.555555555555556,0.555555555555556,0
"345","Ömer Toprak",1.33333333333333,0,0.123575149724881,16.3279576682412,0.666666666666667,0.333333333333333,0,0.333333333333333,0,0,0.333333333333333,1
"346","Ondrej Duda",1.75,0,0.126125636976212,20.927363840849,0.25,1,0,0,0.5,1.75,0,0
"347","Pascal Köpke",2,0,0.432044755667448,12.2184881735206,1.66666666666667,0,0,0.333333333333333,0,2,0,0
"348","Paulo Otávio",1,0,0.030662938952446,24.0384582554525,1,0,0,0,0,0,1,0
"349","Per Skjelbred",1,0,0.0155383124947548,14.4310086950058,1,0,0,0,0,0,0,1
"350","Philipp Bargfrede",3,0,0.0893157534301282,20.8329254367601,3,0,0,0,0,2,1,0
"351","Philipp Lienhart",1,0,0.0213300921022892,25.5337260258626,0.75,0,0,0.25,0,0.75,0,0.25
"352","Rafal Gikiewicz",2,0,0.833815306425095,8.3391854300497,0,0,0,2,0,0,1,1
"353","Raffael",2,0,0.247657125505308,22.1709132818627,1.33333333333333,0,0,0.333333333333333,0.333333333333333,1.66666666666667,0.333333333333333,0
"354","Rani Khedira",1,0,0.0356728998944163,21.0746371441553,0.8,0.2,0,0,0,0.6,0.2,0.2
"355","Raphael Framberger",1,0,0.100708089768887,16.036663775682,1,0,0,0,0,1,0,0
"356","Reece Oxford",1,0,0.0257627665996552,23.1718892901737,1,0,0,0,0,1,0,0
"357","Robert Andrich",2.35294117647059,0,0.0724238379694083,25.5806451130249,1.94117647058824,0.117647058823529,0,0.176470588235294,0.117647058823529,1.82352941176471,0.529411764705882,0
"358","Ronael Pierre Gabriel",1,0,0.0268677957355976,23.9506965850821,0.5,0,0,0.5,0,1,0,0
"359","Santiago Ascacibar",2,0,0.0222430126741529,28.419892427547,2,0,0,0,0,2,0,0
"360","Sebastian Langkamp",2,0,0.107196052093059,12.5883975289684,0,0.5,0,1.5,0,1,0.5,0.5
"361","Sheraldo Becker",2,0,0.0754554454858104,22.3286795185435,1.66666666666667,0,0,0.333333333333333,0,0.666666666666667,1.33333333333333,0
"362","Stefan Ilsanker",2,0,0.286298497890433,9.2941392177704,0,0.666666666666667,0,1.33333333333333,0,0,0.333333333333333,1.66666666666667
"363","Stefan Posch",1.36363636363636,0,0.152961611239748,16.4374067545626,0.636363636363636,0.181818181818182,0,0.545454545454545,0,0.636363636363636,0.272727272727273,0.454545454545455
"364","Stephan Lichtsteiner",1,0,0.0141682620160282,26.253093600802,0,0.5,0,0.5,0,1,0,0
"365","Steven Skrzybski",3,0,0.223843704909086,13.9722889663518,3,0,0,0,0,0,3,0
"366","Steven Zuber",1.66666666666667,0,0.0617575732370218,22.1641798397245,1.33333333333333,0,0,0.333333333333333,0,1,0.666666666666667,0
"367","Suleiman Abdullahi",1,0,0.0470513527592023,19.7810228707209,1,0,0,0,0,0.666666666666667,0.333333333333333,0
"368","Sven Bender",1.57142857142857,0,0.11888098370816,12.5895966122337,0.285714285714286,0.285714285714286,0,1,0,0.428571428571429,0.428571428571429,0.714285714285714
"369","Taiwo Awoniyi",1,0,0.130705320462584,14.6931607258377,1,0,0,0,0,0.6,0,0.4
"370","Thomas Delaney",1.5,0,0.255751500837505,11.2693513149789,0.5,0,0,1,0,0.5,0,1
"371","Thomas Pledl",1,0,0.0269306600093842,22.9359647301256,1,0,0,0,0,1,0,0
"372","Toni Leistner",1,0,0.162145402748138,11.1632597267654,0,1,0,0,0,0,0,1
"373","Tony Jantschke",1.33333333333333,0,0.222694758325815,11.7363157294137,0,0.333333333333333,0,1,0,0.333333333333333,0,1
"374","Tyler Adams",1.5,0,0.0764734027907253,17.8632619447939,1.5,0,0,0,0,1.5,0,0
"375","Uwe Hünemeier",1.66666666666667,0,0.107938996050507,13.36478095656,0,1,0,0.333333333333333,0.333333333333333,0.333333333333333,0,1.33333333333333
"376","Valon Berisha",1.25,0,0.0759290447458626,19.5579070058816,0.75,0.25,0,0.25,0,1,0,0.25
"377","Wendell",1.28571428571429,0,0.0256950521309461,29.5036634561596,0.857142857142857,0,0,0.428571428571429,0,0,1.28571428571429,0
"378","Yunus Malli",1.5,0,0.126714939872424,17.6804126959166,0.833333333333333,0,0,0.666666666666667,0,0.666666666666667,0.5,0.333333333333333
